family,scope,seed,head,head_label,pr_auc,exact_f1,tolerated_f1,union_f1,selected_threshold,selected_variant
Aurora,global,1,constant,constant prior head,0.00024254792826221397,0.00048497822606044473,0.07403151298938895,0.11250100970106779,0.0002,identity
Aurora,global,1,linear,linear probe,0.00017989053457467583,0.00048497822606044473,0.07403151298938895,0.11250100970106779,5e-05,identity
Aurora,global,1,pixel_mlp,pixel MLP head,0.0003203836978039105,0.0,0.0,0.0,0.05,identity
Aurora,global,1,shallow,shallow spatial adapter,0.0002057534002839387,0.00048497822606044473,0.07403151298938895,0.11250100970106779,0.0002,identity
Aurora,global,1,shallow_wide,wide shallow adapter,0.0001786417887998326,0.00048497822606044473,0.07403151298938895,0.11250100970106779,0.0002,identity
Aurora,fire_prone,1,constant,constant prior head,0.02093558282208589,0.04101254412979794,0.4373876572798083,0.5055297690676752,0.0002,identity
Aurora,fire_prone,1,linear,linear probe,0.015133999501232964,0.04101254412979794,0.4373876572798083,0.5055297690676752,5e-05,identity
Aurora,fire_prone,1,pixel_mlp,pixel MLP head,0.025151359890750978,0.0,0.0,0.0,0.05,identity
Aurora,fire_prone,1,shallow,shallow spatial adapter,0.017910818150688318,0.04101254412979794,0.4373876572798083,0.5055297690676752,0.0002,identity
Aurora,fire_prone,1,shallow_wide,wide shallow adapter,0.014618582075644511,0.04101254412979794,0.4373876572798083,0.5055297690676752,0.0002,identity
Aurora,global,123,constant,constant prior head,0.00024254792826221397,0.00048497822606044473,0.07403151298938895,0.11250100970106779,0.0002,identity
Aurora,global,123,linear,linear probe,0.0003361346188992932,0.0006105201483957844,0.06233463206099463,0.09001598313159424,0.0002,identity
Aurora,global,123,pixel_mlp,pixel MLP head,0.0002407603392470945,0.0,0.0,0.0,0.05,identity
Aurora,global,123,shallow,shallow spatial adapter,0.00032735918095111666,0.0004925798410758085,0.07514856771437857,0.11416411950971395,0.0002,erode_r1
Aurora,global,123,shallow_wide,wide shallow adapter,0.0001758054925129502,0.00048497822606044473,0.07403151298938895,0.11250100970106779,0.0002,identity
Aurora,fire_prone,123,constant,constant prior head,0.02093558282208589,0.04101254412979794,0.4373876572798083,0.5055297690676752,0.0002,identity
Aurora,fire_prone,123,linear,linear probe,0.03327317362177979,0.030270270270270273,0.25274679366670844,0.27256836429354425,0.0002,identity
Aurora,fire_prone,123,pixel_mlp,pixel MLP head,0.015715548615747584,0.0,0.0,0.0,0.05,identity
Aurora,fire_prone,123,shallow,shallow spatial adapter,0.030936861667591613,0.04101254412979794,0.4373876572798083,0.5055297690676752,0.0002,identity
Aurora,fire_prone,123,shallow_wide,wide shallow adapter,0.014482920706097576,0.04101254412979794,0.4373876572798083,0.5055297690676752,0.0002,identity
Aurora,global,42,constant,constant prior head,0.00024254792826221397,0.00048497822606044473,0.07403151298938895,0.11250100970106779,0.0002,identity
Aurora,global,42,linear,linear probe,0.0003348567488868777,0.0,0.0,0.0,0.05,identity
Aurora,global,42,pixel_mlp,pixel MLP head,0.00019714837150204618,0.0,0.0,0.0,0.05,identity
Aurora,global,42,shallow,shallow spatial adapter,0.00018674293650733592,0.000488559522980547,0.07455794376918072,0.11326006464883925,0.0002,erode_r1
Aurora,global,42,shallow_wide,wide shallow adapter,0.00031842922623288915,0.00048497822606044473,0.07403151298938895,0.11250100970106779,0.0002,identity
Aurora,fire_prone,42,constant,constant prior head,0.02093558282208589,0.04101254412979794,0.4373876572798083,0.5055297690676752,0.0002,identity
Aurora,fire_prone,42,linear,linear probe,0.029276084230474682,0.0,0.0,0.0,0.05,identity
Aurora,fire_prone,42,pixel_mlp,pixel MLP head,0.014245009108357357,0.0,0.0,0.0,0.05,identity
Aurora,fire_prone,42,shallow,shallow spatial adapter,0.015570077058842982,0.04101254412979794,0.4373876572798083,0.5055297690676752,0.0002,identity
Aurora,fire_prone,42,shallow_wide,wide shallow adapter,0.03418005160958568,0.04101254412979794,0.4373876572798083,0.5055297690676752,0.0002,identity
Aurora,global,7,constant,constant prior head,0.00024254792826221397,0.00048497822606044473,0.07403151298938895,0.11250100970106779,0.0002,identity
Aurora,global,7,linear,linear probe,0.0003365633944686796,0.0,0.0,0.0,0.0005,identity
Aurora,global,7,pixel_mlp,pixel MLP head,0.00029853008679597343,0.0,0.0,0.0,0.05,identity
Aurora,global,7,shallow,shallow spatial adapter,0.00020659887203040373,0.0005003009842356716,0.07628187002214996,0.11582502914978784,0.0002,erode_r1
Aurora,global,7,shallow_wide,wide shallow adapter,0.00017379366901207154,0.00048497822606044473,0.07403151298938895,0.11250100970106779,0.0002,identity
Aurora,fire_prone,7,constant,constant prior head,0.02093558282208589,0.04101254412979794,0.4373876572798083,0.5055297690676752,0.0002,identity
Aurora,fire_prone,7,linear,linear probe,0.03354322770872274,0.0,0.0,0.0,0.0005,identity
Aurora,fire_prone,7,pixel_mlp,pixel MLP head,0.023680430289421933,0.0,0.0,0.0,0.05,identity
Aurora,fire_prone,7,shallow,shallow spatial adapter,0.018246580028371893,0.04101254412979794,0.4373876572798083,0.5055297690676752,0.0002,identity
Aurora,fire_prone,7,shallow_wide,wide shallow adapter,0.014107951927070428,0.04101254412979794,0.4373876572798083,0.5055297690676752,0.0002,identity
Aurora,global,99,constant,constant prior head,0.00024254792826221397,0.00048497822606044473,0.07403151298938895,0.11250100970106779,0.0002,identity
Aurora,global,99,linear,linear probe,0.00024254792826221397,0.00048497822606044473,0.07403151298938895,0.11250100970106779,0.05,identity
Aurora,global,99,pixel_mlp,pixel MLP head,0.0003416774254735987,0.0,0.0,0.0,0.05,identity
Aurora,global,99,shallow,shallow spatial adapter,0.00027369530027179415,0.00048500701355756607,0.07403574573189557,0.1125073134469834,0.0002,erode_r1
Aurora,global,99,shallow_wide,wide shallow adapter,0.00018435572706130898,0.00048497822606044473,0.07403151298938895,0.11250100970106779,0.0002,identity
Aurora,fire_prone,99,constant,constant prior head,0.02093558282208589,0.04101254412979794,0.4373876572798083,0.5055297690676752,0.0002,identity
Aurora,fire_prone,99,linear,linear probe,0.02093558282208589,0.04101254412979794,0.4373876572798083,0.5055297690676752,0.05,identity
Aurora,fire_prone,99,pixel_mlp,pixel MLP head,0.02558605891782626,0.0,0.0,0.0,0.05,identity
Aurora,fire_prone,99,shallow,shallow spatial adapter,0.022977585108618796,0.04101254412979794,0.4373876572798083,0.5055297690676752,0.0002,identity
Aurora,fire_prone,99,shallow_wide,wide shallow adapter,0.015655744241336807,0.04101254412979794,0.4373876572798083,0.5055297690676752,0.0002,identity
ClimaX,global,1,constant,constant prior head,0.00024254792826221397,0.00048497822606044473,0.07403151298938895,0.11250100970106779,0.0002,identity
ClimaX,global,1,linear,linear probe,0.0002535597422470116,0.00048497822606044473,0.07403151298938895,0.11250100970106779,0.0002,identity
ClimaX,global,1,pixel_mlp,pixel MLP head,0.0002325183190082463,0.00048497822606044473,0.07403151298938895,0.11250100970106779,0.0002,identity
ClimaX,global,1,shallow,shallow spatial adapter,0.00023825369397771856,0.0005003009842356716,0.07628187002214996,0.11582502914978784,0.0002,erode_r1
ClimaX,global,1,shallow_wide,wide shallow adapter,0.0002576240965656369,0.00048497822606044473,0.07403151298938895,0.11250100970106779,0.0002,identity
ClimaX,fire_prone,1,constant,constant prior head,0.02093558282208589,0.04101254412979794,0.4373876572798083,0.5055297690676752,0.0002,identity
ClimaX,fire_prone,1,linear,linear probe,0.02266235842125272,0.04101254412979794,0.4373876572798083,0.5055297690676752,0.0002,identity
ClimaX,fire_prone,1,pixel_mlp,pixel MLP head,0.021355980128684084,0.04101254412979794,0.4373876572798083,0.5055297690676752,0.0002,identity
ClimaX,fire_prone,1,shallow,shallow spatial adapter,0.021240416293233182,0.04101254412979794,0.4373876572798083,0.5055297690676752,0.0002,identity
ClimaX,fire_prone,1,shallow_wide,wide shallow adapter,0.02263970239346272,0.04101254412979794,0.4373876572798083,0.5055297690676752,0.0002,identity
ClimaX,global,123,constant,constant prior head,0.00024254792826221397,0.00048497822606044473,0.07403151298938895,0.11250100970106779,0.0002,identity
ClimaX,global,123,linear,linear probe,0.00023303171735766592,0.00048497822606044473,0.07403151298938895,0.11250100970106779,0.0002,identity
ClimaX,global,123,pixel_mlp,pixel MLP head,0.0002538453180511135,0.00048497822606044473,0.07403151298938895,0.11250100970106779,0.0002,identity
ClimaX,global,123,shallow,shallow spatial adapter,0.0002365536453058299,0.0004850582397629769,0.07404327768301931,0.11251853060828028,0.0002,erode_r1
ClimaX,global,123,shallow_wide,wide shallow adapter,0.0002583005978824166,0.00048497822606044473,0.07403151298938895,0.11250100970106779,0.0002,identity
ClimaX,fire_prone,123,constant,constant prior head,0.02093558282208589,0.04101254412979794,0.4373876572798083,0.5055297690676752,0.0002,identity
ClimaX,fire_prone,123,linear,linear probe,0.021474048333016964,0.04101254412979794,0.4373876572798083,0.5055297690676752,0.0002,identity
ClimaX,fire_prone,123,pixel_mlp,pixel MLP head,0.022721501540288406,0.04101254412979794,0.4373876572798083,0.5055297690676752,0.0002,identity
ClimaX,fire_prone,123,shallow,shallow spatial adapter,0.021304655373342616,0.04101254412979794,0.4373876572798083,0.5055297690676752,0.0002,identity
ClimaX,fire_prone,123,shallow_wide,wide shallow adapter,0.02276372672081588,0.04101254412979794,0.4373876572798083,0.5055297690676752,0.0002,identity
ClimaX,global,42,constant,constant prior head,0.00024254792826221397,0.00048497822606044473,0.07403151298938895,0.11250100970106779,0.0002,identity
ClimaX,global,42,linear,linear probe,0.0002320894833804511,0.00048497822606044473,0.07403151298938895,0.11250100970106779,0.0002,identity
ClimaX,global,42,pixel_mlp,pixel MLP head,0.00023231085438748527,0.00048497822606044473,0.07403151298938895,0.11250100970106779,0.0002,identity
ClimaX,global,42,shallow,shallow spatial adapter,0.0002635438441172435,0.00048509339655791484,0.07404844686399195,0.11252622892404085,0.0002,erode_r1
ClimaX,global,42,shallow_wide,wide shallow adapter,0.00023718518248614387,0.00048497822606044473,0.07403151298938895,0.11250100970106779,0.0002,identity
ClimaX,fire_prone,42,constant,constant prior head,0.02093558282208589,0.04101254412979794,0.4373876572798083,0.5055297690676752,0.0002,identity
ClimaX,fire_prone,42,linear,linear probe,0.021311846551503866,0.04101254412979794,0.4373876572798083,0.5055297690676752,0.0002,identity
ClimaX,fire_prone,42,pixel_mlp,pixel MLP head,0.02125615909835765,0.04101254412979794,0.4373876572798083,0.5055297690676752,0.0002,identity
ClimaX,fire_prone,42,shallow,shallow spatial adapter,0.0232001294766323,0.04101254412979794,0.4373876572798083,0.5055297690676752,0.0002,identity
ClimaX,fire_prone,42,shallow_wide,wide shallow adapter,0.01969340138017645,0.04101254412979794,0.4373876572798083,0.5055297690676752,0.0002,identity
ClimaX,global,7,constant,constant prior head,0.00024254792826221397,0.00048497822606044473,0.07403151298938895,0.11250100970106779,0.0002,identity
ClimaX,global,7,linear,linear probe,0.000233097672009164,0.00048497822606044473,0.07403151298938895,0.11250100970106779,0.0002,identity
ClimaX,global,7,pixel_mlp,pixel MLP head,0.00023208715672497804,0.00048497822606044473,0.07403151298938895,0.11250100970106779,0.0002,identity
ClimaX,global,7,shallow,shallow spatial adapter,0.00026392842514814355,0.0004961843022316528,0.07567779225864517,0.11492651601714667,0.0002,erode_r1
ClimaX,global,7,shallow_wide,wide shallow adapter,0.00023509776904526034,0.00048497822606044473,0.07403151298938895,0.11250100970106779,0.0002,identity
ClimaX,fire_prone,7,constant,constant prior head,0.02093558282208589,0.04101254412979794,0.4373876572798083,0.5055297690676752,0.0002,identity
ClimaX,fire_prone,7,linear,linear probe,0.021472422142810053,0.04101254412979794,0.4373876572798083,0.5055297690676752,0.0002,identity
ClimaX,fire_prone,7,pixel_mlp,pixel MLP head,0.021169612166267435,0.04101254412979794,0.4373876572798083,0.5055297690676752,0.0002,identity
ClimaX,fire_prone,7,shallow,shallow spatial adapter,0.023418348110635024,0.04101254412979794,0.4373876572798083,0.5055297690676752,0.0002,identity
ClimaX,fire_prone,7,shallow_wide,wide shallow adapter,0.021346325264212297,0.04101254412979794,0.4373876572798083,0.5055297690676752,0.0002,identity
ClimaX,global,99,constant,constant prior head,0.00024254792826221397,0.00048497822606044473,0.07403151298938895,0.11250100970106779,0.0002,identity
ClimaX,global,99,linear,linear probe,0.00025486872430580836,0.00048497822606044473,0.07403151298938895,0.11250100970106779,0.0002,identity
ClimaX,global,99,pixel_mlp,pixel MLP head,0.00025409361990940153,0.00048497822606044473,0.07403151298938895,0.11250100970106779,0.0002,identity
ClimaX,global,99,shallow,shallow spatial adapter,0.0002584844504175628,0.0005003009842356716,0.07628187002214996,0.11582502914978784,0.0002,erode_r1
ClimaX,global,99,shallow_wide,wide shallow adapter,0.00025753349082116903,0.00048497822606044473,0.07403151298938895,0.11250100970106779,0.0002,identity
ClimaX,fire_prone,99,constant,constant prior head,0.02093558282208589,0.04101254412979794,0.4373876572798083,0.5055297690676752,0.0002,identity
ClimaX,fire_prone,99,linear,linear probe,0.022833179567809177,0.04101254412979794,0.4373876572798083,0.5055297690676752,0.0002,identity
ClimaX,fire_prone,99,pixel_mlp,pixel MLP head,0.022646774099231107,0.04101254412979794,0.4373876572798083,0.5055297690676752,0.0002,identity
ClimaX,fire_prone,99,shallow,shallow spatial adapter,0.022799446422578955,0.04101254412979794,0.4373876572798083,0.5055297690676752,0.0002,identity
ClimaX,fire_prone,99,shallow_wide,wide shallow adapter,0.022669770759478167,0.04101254412979794,0.4373876572798083,0.5055297690676752,0.0002,identity
Pangu24,global,1,constant,constant prior head,0.00024254792826221397,0.00048497822606044473,0.07403151298938895,0.11250100970106779,0.0002,identity
Pangu24,global,1,linear,linear probe,0.00019429226041004752,0.00022117838078781877,0.07594939081536527,0.11325952992404405,0.001,identity
Pangu24,global,1,pixel_mlp,pixel MLP head,0.0002666895357120614,0.0,0.0,0.0,0.05,identity
Pangu24,global,1,shallow,shallow spatial adapter,0.0003184083932332734,0.0005003009842356716,0.07628187002214996,0.11582502914978784,0.0002,erode_r1
Pangu24,global,1,shallow_wide,wide shallow adapter,0.00020397478136797097,0.00048497822606044473,0.07403151298938895,0.11250100970106779,0.0002,identity
Pangu24,fire_prone,1,constant,constant prior head,0.02093558282208589,0.04101254412979794,0.4373876572798083,0.5055297690676752,0.0002,identity
Pangu24,fire_prone,1,linear,linear probe,0.01512807606029424,0.04101254412979794,0.4373876572798083,0.5055297690676752,5e-05,identity
Pangu24,fire_prone,1,pixel_mlp,pixel MLP head,0.03203554583048163,0.0,0.0,0.0,0.05,identity
Pangu24,fire_prone,1,shallow,shallow spatial adapter,0.03620535978423278,0.04101254412979794,0.4373876572798083,0.5055297690676752,0.0002,identity
Pangu24,fire_prone,1,shallow_wide,wide shallow adapter,0.014857496764617905,0.04101254412979794,0.4373876572798083,0.5055297690676752,0.0002,identity
Pangu24,global,123,constant,constant prior head,0.00024254792826221397,0.00048497822606044473,0.07403151298938895,0.11250100970106779,0.0002,identity
Pangu24,global,123,linear,linear probe,0.00030362489732168577,0.0004906811451557308,0.07404704967215618,0.11251502076227543,1e-05,identity
Pangu24,global,123,pixel_mlp,pixel MLP head,0.00026059484596910705,0.0,0.0,0.0,0.05,identity
Pangu24,global,123,shallow,shallow spatial adapter,0.0003305717410630794,0.000496636685698497,0.0757441929842007,0.11502529563301157,0.0002,erode_r1
Pangu24,global,123,shallow_wide,wide shallow adapter,0.00020732979059956435,0.00048497822606044473,0.07403151298938895,0.11250100970106779,0.0002,identity
Pangu24,fire_prone,123,constant,constant prior head,0.02093558282208589,0.04101254412979794,0.4373876572798083,0.5055297690676752,0.0002,identity
Pangu24,fire_prone,123,linear,linear probe,0.038250228829639646,0.0415913661007458,0.43794286642438024,0.5060680789918252,1e-05,identity
Pangu24,fire_prone,123,pixel_mlp,pixel MLP head,0.031281730328619695,0.0,0.0,0.0,0.05,identity
Pangu24,fire_prone,123,shallow,shallow spatial adapter,0.03767960131439503,0.04101254412979794,0.4373876572798083,0.5055297690676752,0.0002,identity
Pangu24,fire_prone,123,shallow_wide,wide shallow adapter,0.015194111715347874,0.04101254412979794,0.4373876572798083,0.5055297690676752,0.0002,identity
Pangu24,global,42,constant,constant prior head,0.00024254792826221397,0.00048497822606044473,0.07403151298938895,0.11250100970106779,0.0002,identity
Pangu24,global,42,linear,linear probe,0.00027374102933589697,0.0,0.0,0.0,0.05,identity
Pangu24,global,42,pixel_mlp,pixel MLP head,0.00022081972823754622,0.0,0.0,0.0,0.05,identity
Pangu24,global,42,shallow,shallow spatial adapter,0.00019562280285672165,0.0005003009842356716,0.07628187002214996,0.11582502914978784,0.0002,erode_r1
Pangu24,global,42,shallow_wide,wide shallow adapter,0.00027611010086493764,0.00048497822606044473,0.07403151298938895,0.11250100970106779,0.0002,identity
Pangu24,fire_prone,42,constant,constant prior head,0.02093558282208589,0.04101254412979794,0.4373876572798083,0.5055297690676752,0.0002,identity
Pangu24,fire_prone,42,linear,linear probe,0.03282307795606195,0.0,0.0,0.0,0.05,identity
Pangu24,fire_prone,42,pixel_mlp,pixel MLP head,0.02382666025146093,0.0,0.0,0.0,0.05,identity
Pangu24,fire_prone,42,shallow,shallow spatial adapter,0.01430865809485742,0.04101254412979794,0.4373876572798083,0.5055297690676752,0.0002,identity
Pangu24,fire_prone,42,shallow_wide,wide shallow adapter,0.029276658304785107,0.04101254412979794,0.4373876572798083,0.5055297690676752,0.0002,identity
Pangu24,global,7,constant,constant prior head,0.00024254792826221397,0.00048497822606044473,0.07403151298938895,0.11250100970106779,0.0002,identity
Pangu24,global,7,linear,linear probe,0.0003007213143510967,0.00048497822606044473,0.07403151298938895,0.11250100970106779,1e-05,identity
Pangu24,global,7,pixel_mlp,pixel MLP head,0.00032893633911208823,0.0,0.0,0.0,0.05,identity
Pangu24,global,7,shallow,shallow spatial adapter,0.0002272277156656046,0.0005003009842356716,0.07628187002214996,0.11582502914978784,0.0002,erode_r1
Pangu24,global,7,shallow_wide,wide shallow adapter,0.0002042663438632212,0.00048497822606044473,0.07403151298938895,0.11250100970106779,0.0002,identity
Pangu24,fire_prone,7,constant,constant prior head,0.02093558282208589,0.04101254412979794,0.4373876572798083,0.5055297690676752,0.0002,identity
Pangu24,fire_prone,7,linear,linear probe,0.037502785138697425,0.04101254412979794,0.4373876572798083,0.5055297690676752,1e-05,identity
Pangu24,fire_prone,7,pixel_mlp,pixel MLP head,0.047138576781407156,0.0,0.0,0.0,0.05,identity
Pangu24,fire_prone,7,shallow,shallow spatial adapter,0.017243288313329958,0.04101254412979794,0.4373876572798083,0.5055297690676752,0.0002,identity
Pangu24,fire_prone,7,shallow_wide,wide shallow adapter,0.01480145287706126,0.04101254412979794,0.4373876572798083,0.5055297690676752,0.0002,identity
Pangu24,global,99,constant,constant prior head,0.00024254792826221397,0.00048497822606044473,0.07403151298938895,0.11250100970106779,0.0002,identity
Pangu24,global,99,linear,linear probe,0.00024254792826221397,0.00048497822606044473,0.07403151298938895,0.11250100970106779,0.05,identity
Pangu24,global,99,pixel_mlp,pixel MLP head,0.00025560594048110104,0.0,0.0,0.0,0.05,identity
Pangu24,global,99,shallow,shallow spatial adapter,0.00021324590038942316,0.0005003009842356716,0.07628187002214996,0.11582502914978784,0.0002,erode_r1
Pangu24,global,99,shallow_wide,wide shallow adapter,0.00032980109347867327,0.00048497822606044473,0.07403151298938895,0.11250100970106779,0.0002,identity
Pangu24,fire_prone,99,constant,constant prior head,0.02093558282208589,0.04101254412979794,0.4373876572798083,0.5055297690676752,0.0002,identity
Pangu24,fire_prone,99,linear,linear probe,0.02093558282208589,0.04101254412979794,0.4373876572798083,0.5055297690676752,0.05,identity
Pangu24,fire_prone,99,pixel_mlp,pixel MLP head,0.029439579928907448,0.0,0.0,0.0,0.05,identity
Pangu24,fire_prone,99,shallow,shallow spatial adapter,0.01603735034542202,0.04101254412979794,0.4373876572798083,0.5055297690676752,0.0002,identity
Pangu24,fire_prone,99,shallow_wide,wide shallow adapter,0.042974845681594,0.04101254412979794,0.4373876572798083,0.5055297690676752,0.0002,identity
Prithvi-WxC,global,det.,linear,linear probe,0.0147,0.0,0.0,0.0,,paper-safe
Prithvi-WxC,global,det.,shallow,shallow spatial adapter,0.0317,0.0664,0.5866,0.7152,,paper-safe
Prithvi-WxC,fire_prone,det.,linear,linear probe,0.14,0.0,0.0,0.0,,paper-safe
Prithvi-WxC,fire_prone,det.,shallow,shallow spatial adapter,0.1221,0.2538,0.8117,0.881,,paper-safe
